SALE TYPE,SOLD DATE,PROPERTY TYPE,ADDRESS,CITY,STATE OR PROVINCE,ZIP OR POSTAL CODE,PRICE,BEDS,BATHS,LOCATION,SQUARE FEET,LOT SIZE,YEAR BUILT,DAYS ON MARKET,$/SQUARE FEET,HOA/MONTH,STATUS,NEXT OPEN HOUSE START TIME,NEXT OPEN HOUSE END TIME,URL (SEE http://www.redfin.com/buy-a-home/comparative-market-analysis FOR INFO ON PRICING),SOURCE,MLS#,FAVORITE,INTERESTED,LATITUDE,LONGITUDE
PAST SALE,April-15-2021,Single Family Residential,129 S Lafayette Ave,Bremerton,WA,98312,680000,6,3.5,Charleston,3989,8712,1953,182,170,,Sold,,,http://www.redfin.com/WA/Bremerton/129-S-Lafayette-Ave-98312/home/2313049,NWMLS,1737440,N,Y,47.5627576,-122.6569095
PAST SALE,January-8-2021,Single Family Residential,7018 Cormorant Pl,Bremerton,WA,98312,735000,4,3,Kitsap Lake,3954,12197,1993,279,186,13,Sold,,,http://www.redfin.com/WA/Bremerton/7018-Cormorant-Pl-98312/home/2466091,NWMLS,1685152,N,Y,47.5681662,-122.6968439
PAST SALE,September-9-2021,Single Family Residential,205 S Hartford Ave,Bremerton,WA,98312,649777,5,2.5,Charleston,3879,14375,1937,35,168,,Sold,,,http://www.redfin.com/WA/Bremerton/205-S-Hartford-Ave-98312/home/2314446,NWMLS,1812781,N,Y,47.561614,-122.6590148
PAST SALE,October-4-2021,Single Family Residential,1399 Baker Heights (Homesite 78) Loop,Bremerton,WA,98312,754950,5,3,West Bremerton,3417,5663,2021,10,221,50,Sold,,,http://www.redfin.com/WA/Bremerton/1399-Baker-Heights-Loop-98312/home/174757160,NWMLS,1744953,N,Y,47.5524864,-122.6991043
PAST SALE,September-15-2021,Single Family Residential,1427 Baker Heights (Homesite 71) Loop,Bremerton,WA,98312,738950,5,3,West Bremerton,3417,5663,2021,29,216,50,Sold,,,http://www.redfin.com/WA/Bremerton/1427-Baker-Heights-Loop-98312/home/174757188,NWMLS,1744760,N,Y,47.553447,-122.6991612
PAST SALE,August-19-2021,Single Family Residential,1423 Baker Heights (Homesite 72) Loop,Bremerton,WA,98312,729950,5,3,West Bremerton,3417,5663,2021,56,214,50,Sold,,,http://www.redfin.com/WA/Bremerton/1423-Baker-Heights-Loop-98312/home/174757187,NWMLS,1744769,N,Y,47.5533098,-122.6991559
PAST SALE,September-8-2021,Single Family Residential,1407 Baker Heights (Homesite 76) Loop,Bremerton,WA,98312,753950,5,3,West Bremerton,3417,5663,2021,36,221,50,Sold,,,http://www.redfin.com/WA/Bremerton/1407-Baker-Heights-Loop-98312/home/174757183,NWMLS,1744944,N,Y,47.5527609,-122.6991219
PAST SALE,September-10-2021,Single Family Residential,1415 Baker Heights (Homesite 74) Loop,Bremerton,WA,98312,748950,5,3,West Bremerton,3417,5663,2021,34,219,50,Sold,,,http://www.redfin.com/WA/Bremerton/1415-Baker-Heights-Loop-98312/home/174757185,NWMLS,1744785,N,Y,47.5530355,-122.6991403
PAST SALE,September-24-2021,Single Family Residential,1411 Baker Heights (Homesite 75) Loop,Bremerton,WA,98312,758950,5,3,West Bremerton,3417,5663,2021,20,222,50,Sold,,,http://www.redfin.com/WA/Bremerton/1411-Baker-Heights-Loop-98312/home/174757184,NWMLS,1744919,N,Y,47.5528983,-122.6991311
PAST SALE,July-30-2021,Single Family Residential,1121 Baker Heights (Homesite 120) Loop,Bremerton,WA,98312,634950,4,3.5,West Bremerton,3183,5456,2021,76,199,50,Sold,,,http://www.redfin.com/WA/Bremerton/1121-Baker-Heights-Loop-98312/home/174708894,NWMLS,1744135,N,Y,47.5519261,-122.6976674
PAST SALE,June-21-2021,Single Family Residential,1109 Baker Heights (Homesite 123) Loop,Bremerton,WA,98312,624950,4,3.5,West Bremerton,3183,5456,2021,115,196,50,Sold,,,http://www.redfin.com/WA/Bremerton/1109-Baker-Heights-Loop-98312/home/174367236,NWMLS,1725196,N,Y,47.5523378,-122.6976497
PAST SALE,August-9-2021,Single Family Residential,1114 Baker Heights (Homesite 222) Loop,Bremerton,WA,98312,669950,4,3.5,West Bremerton,3183,5456,2021,66,210,50,Sold,,,http://www.redfin.com/WA/Bremerton/1114-Baker-Heights-Loop-98312/home/174789039,NWMLS,1751363,N,Y,47.552159,-122.6969793
PAST SALE,September-29-2021,Single Family Residential,1133 Baker Heights (Homesite 117) Loop,Bremerton,WA,98312,669950,4,3.5,West Bremerton,3183,5456,2021,15,210,50,Sold,,,http://www.redfin.com/WA/Bremerton/1133-Baker-Heights-Loop-98312/home/175089541,NWMLS,1769659,N,Y,47.5515143,-122.6976615
PAST SALE,July-28-2021,Single Family Residential,1117 Baker Heights Loop (Lot 121) Ave,Bremerton,WA,98312,601950,5,3,West Bremerton,3081,5451,2021,78,195,50,Sold,,,http://www.redfin.com/WA/Bremerton/1117-Baker-Heights-Loop-98312/home/174670738,NWMLS,1741580,N,Y,47.5520635,-122.6976645
PAST SALE,August-3-2021,Single Family Residential,1125 Baker Heights Loop (Lot 119) Ave,Bremerton,WA,98312,619950,5,3,West Bremerton,3081,5451,2021,72,201,50,Sold,,,http://www.redfin.com/WA/Bremerton/1125-Baker-Heights-Loop-98312/home/174709160,NWMLS,1748199,N,Y,47.5517888,-122.6976672
PAST SALE,August-13-2021,Single Family Residential,1130 Baker Heights (Homesite 226) Loop,Bremerton,WA,98312,664950,5,3,West Bremerton,3081,5450,2021,62,216,50,Sold,,,http://www.redfin.com/WA/Bremerton/1130-Baker-Heights-Loop-98312/home/174898380,NWMLS,1754652,N,Y,47.5516097,-122.6969825
PAST SALE,August-10-2021,Single Family Residential,1122 Baker Heights (homesite 224) Loop,Bremerton,WA,98312,654950,5,3,West Bremerton,3081,5450,2021,65,213,50,Sold,,,http://www.redfin.com/WA/Bremerton/1122-Baker-Heights-Loop-98312/home/174853312,NWMLS,1751627,N,Y,47.5518843,-122.6969864
PAST SALE,March-3-2021,Single Family Residential,3004 Porter,Bremerton,WA,98312,228777,0,,Charleston,3071,5227,1916,225,74,,Sold,,,http://www.redfin.com/WA/Bremerton/3004-Porter-St-98312/home/2313602,NWMLS,1723717,N,Y,47.5574082,-122.6568807
PAST SALE,June-30-2021,Single Family Residential,6074 Osprey Cir,Bremerton,WA,98312,715000,3,3,Kitsap Lake,2986,13504,1990,106,239,13,Sold,,,http://www.redfin.com/WA/Bremerton/6074-Osprey-Cir-98312/home/2465909,NWMLS,1783279,N,Y,47.5670394,-122.6994807
PAST SALE,July-9-2021,Single Family Residential,740 S Summit Ave,Bremerton,WA,98312,568050,3,2,West Bremerton,2755,13939,1906,97,206,,Sold,,,http://www.redfin.com/WA/Bremerton/740-S-Summit-Ave-98312/home/175271664,NWMLS,1786209,N,Y,47.5551899,-122.6583593
PAST SALE,July-7-2021,Single Family Residential,7004 Osprey Cir,Bremerton,WA,98312,585000,5,3,Kitsap Lake,2742,13504,1993,99,213,,Sold,,,http://www.redfin.com/WA/Bremerton/7004-Osprey-Cir-98312/home/2466016,NWMLS,1782354,N,Y,47.5679583,-122.6949963
PAST SALE,January-7-2021,Single Family Residential,904 Baker Heights (Homesite 193) Loop,Bremerton,WA,98312,539950,4,2.5,West Bremerton,2704,6351,2020,280,200,50,Sold,,,http://www.redfin.com/WA/Bremerton/904-Baker-Heights-Loop-98312/home/173276922,NWMLS,1667987,N,Y,47.5561396,-122.6969904
PAST SALE,October-1-2021,Single Family Residential,1041 Timberline (Homesite 126) Ave,Bremerton,WA,98312,623950,4,2.5,West Bremerton,2704,6205,2021,13,231,50,Sold,,,http://www.redfin.com/WA/Bremerton/1041-Timberline-Ave-98312/home/175136029,NWMLS,1773285,N,Y,47.5526356,-122.6985138
PAST SALE,December-16-2020,Single Family Residential,1506 Baker Heights (Homesite 50) Loop,Bremerton,WA,98312,511950,4,2.5,West Bremerton,2704,5684,2020,302,189,50,Sold,,,http://www.redfin.com/WA/Bremerton/1506-Baker-Heights-Loop-98312/home/172671558,NWMLS,1642714,N,Y,47.5561779,-122.6997892
PAST SALE,May-4-2021,Single Family Residential,931 Baker Heights (Homesite 185) Loop,Bremerton,WA,98312,534950,4,2.5,West Bremerton,2704,5458,2021,163,198,50,Sold,,,http://www.redfin.com/WA/Bremerton/931-Baker-Heights-Loop-98312/home/174130957,NWMLS,1715030,N,Y,47.5551461,-122.697649
PAST SALE,August-5-2021,Single Family Residential,1013 Timberline (Homesite 133) Ave,Bremerton,WA,98312,604950,4,2.5,West Bremerton,2704,5458,2021,70,224,50,Sold,,,http://www.redfin.com/WA/Bremerton/1013-Timberline-Ave-98312/home/174864694,NWMLS,1751575,N,Y,47.5536643,-122.6987243
PAST SALE,July-16-2021,Single Family Residential,1030 Timberline (Homesite 174) Ave,Bremerton,WA,98312,649950,4,2.5,West Bremerton,2704,5458,2021,90,240,50,Sold,,,http://www.redfin.com/WA/Bremerton/1030-Timberline-Ave-98312/home/174641460,NWMLS,1792754,N,Y,47.55316,-122.6980151
PAST SALE,February-26-2021,Single Family Residential,907 Baker Heights (Homesite 191) Loop,Bremerton,WA,98312,504950,4,2.5,West Bremerton,2704,5458,2020,230,187,50,Sold,,,http://www.redfin.com/WA/Bremerton/907-Baker-Heights-Loop-98312/home/173399019,NWMLS,1676266,N,Y,47.555974,-122.6976409
PAST SALE,July-21-2021,Single Family Residential,1029 Timberline (Homesite 129) Ave,Bremerton,WA,98312,592950,4,2.5,West Bremerton,2704,5458,2021,85,219,50,Sold,,,http://www.redfin.com/WA/Bremerton/1029-Timberline-Ave-98312/home/174764707,NWMLS,1744112,N,Y,47.5531155,-122.6986988
PAST SALE,April-28-2021,Single Family Residential,936 Baker Heights (Homesite 201) Loop,Bremerton,WA,98312,569950,4,2.5,West Bremerton,2704,5458,2021,169,211,50,Sold,,,http://www.redfin.com/WA/Bremerton/936-Baker-Heights-Loop-98312/home/174488028,NWMLS,1778178,N,Y,47.5550414,-122.6969517
PAST SALE,May-28-2021,Single Family Residential,1010 Timberline (Homesite 169) Ave,Bremerton,WA,98312,594950,4,2.5,West Bremerton,2704,5458,2020,139,220,50,Sold,,,http://www.redfin.com/WA/Bremerton/1010-Timberline-Ave-98312/home/174530531,NWMLS,1734808,N,Y,47.5538465,-122.6980448
PAST SALE,May-17-2021,Single Family Residential,939 Baker Heights (Homesite 183) Loop,Bremerton,WA,98312,549950,4,2.5,West Bremerton,2704,5458,2021,150,203,50,Sold,,,http://www.redfin.com/WA/Bremerton/939-Baker-Heights-Loop-98312/home/174112546,NWMLS,1725305,N,Y,47.5548762,-122.6976346
PAST SALE,June-7-2021,Single Family Residential,1014 Timberline (Homesite 170) Ave,Bremerton,WA,98312,604950,4,2.5,West Bremerton,2704,5451,2021,129,224,50,Sold,,,http://www.redfin.com/WA/Bremerton/1014-Timberline-Ave-98312/home/174556880,NWMLS,1735343,N,Y,47.5537093,-122.6980406
PAST SALE,March-19-2021,Single Family Residential,920 Baker Heights (Homesite 197) Loop,Bremerton,WA,98312,543950,4,2.5,West Bremerton,2704,5450,2020,209,201,50,Sold,,,http://www.redfin.com/WA/Bremerton/920-Baker-Heights-Loop-98312/home/173641983,NWMLS,1689543,N,Y,47.5555906,-122.6969526
PAST SALE,November-19-2020,Single Family Residential,1495 Baker Heights (Homesite 54) Loop,Bremerton,WA,98312,509950,4,2.5,West Bremerton,2704,4981,2020,329,189,50,Sold,,,http://www.redfin.com/WA/Bremerton/1495-Baker-Heights-Loop-98312/home/172511015,NWMLS,1631857,N,Y,47.5557807,-122.6991498
PAST SALE,September-1-2021,Single Family Residential,724 S Summit Ave,Bremerton,WA,98312,620000,4,3,Charleston,2698,11326,1915,43,230,,Sold,,,http://www.redfin.com/WA/Bremerton/724-S-Summit-Ave-98312/home/2308081,NWMLS,1836435,N,Y,47.5556198,-122.6577831
PAST SALE,July-26-2021,Single Family Residential,303 S Lafayette Ave,Bremerton,WA,98312,440000,3,1.5,West Bremerton,2585,3485,1939,80,170,,Sold,,,http://www.redfin.com/WA/Bremerton/303-S-Lafayette-Ave-98312/home/2535285,NWMLS,1788948,N,Y,47.5599428,-122.6568638
PAST SALE,July-23-2021,Single Family Residential,1941 Hardway Ln,Bremerton,WA,98312,515000,3,2.5,West Hills,2537,3049,2019,83,203,,Sold,,,http://www.redfin.com/WA/Bremerton/1941-Hardway-Ln-98312/home/168708338,NWMLS,1793393,N,Y,47.548433,-122.6778289
PAST SALE,September-17-2021,Single Family Residential,603 Times Ave,Bremerton,WA,98312,495000,4,2.5,West Bremerton,2528,5663,1941,27,196,,Sold,,,http://www.redfin.com/WA/Bremerton/603-Times-Ave-98312/home/2319421,NWMLS,1821576,N,Y,47.5675206,-122.6579715
PAST SALE,April-6-2021,Single Family Residential,1502 Baker Heights Loop,Bremerton,WA,98132,570000,4,2.5,Bremerton,2501,6248,2020,191,228,50,Sold,,,http://www.redfin.com/WA/Bremerton/1502-Baker-Heights-Loop-98312/home/172284334,NWMLS,1729789,N,Y,47.5560098,-122.6997964
PAST SALE,November-10-2020,Single Family Residential,1492 Baker Heights (Homesite 47) Loop,Bremerton,WA,98312,491950,4,2.5,West Bremerton,2501,6248,2020,338,197,55,Sold,,,http://www.redfin.com/WA/Bremerton/1492-Baker-Heights-Loop-98312/home/172665257,NWMLS,1642865,N,Y,47.5557836,-122.6998129
PAST SALE,January-27-2021,Single Family Residential,911 Baker Heights (Homesite 190) Loop,Bremerton,WA,98312,499950,4,2.5,West Bremerton,2501,6248,2020,260,200,55,Sold,,,http://www.redfin.com/WA/Bremerton/911-Baker-Heights-Loop-98312/home/173328484,NWMLS,1674709,N,Y,47.555837,-122.6976365
PAST SALE,September-16-2021,Single Family Residential,1037 Timberline (Homesite 127) Ave,Bremerton,WA,98312,594950,4,2.5,West Bremerton,2501,6205,2021,28,238,50,Sold,,,http://www.redfin.com/WA/Bremerton/1037-Timberline-Ave-98312/home/175136030,NWMLS,1773271,N,Y,47.5527822,-122.6985935
PAST SALE,September-9-2021,Single Family Residential,913 Timberline (Homesite 148) Ave,Bremerton,WA,98312,584950,4,2.5,West Bremerton,2501,5450,2021,35,234,50,Sold,,,http://www.redfin.com/WA/Bremerton/913-Timberline-Ave-98312/home/174488015,NWMLS,1769628,N,Y,47.5557235,-122.6987013
PAST SALE,July-29-2021,Single Family Residential,1025 Baker Heights (Homesite 130) Loop,Bremerton,WA,98312,559950,4,2.5,West Bremerton,2501,5450,2021,77,224,50,Sold,,,http://www.redfin.com/WA/Bremerton/1025-Baker-Heights-Loop-98312/home/174643318,NWMLS,1739148,N,Y,47.554203,-122.6975185
PAST SALE,April-7-2021,Single Family Residential,919 Baker Heights (Homesite 188) Loop,Bremerton,WA,98312,535950,4,2.5,West Bremerton,2501,5450,2021,190,214,50,Sold,,,http://www.redfin.com/WA/Bremerton/919-Baker-Heights-Loop-98312/home/174207781,NWMLS,1720300,N,Y,47.5555627,-122.697636
PAST SALE,March-31-2021,Single Family Residential,924 Baker Heights (Homesite 198) Loop,Bremerton,WA,98312,579950,4,2.5,West Bremerton,2501,5450,2020,197,232,55,Sold,,,http://www.redfin.com/WA/Bremerton/924-Baker-Heights-Loop-98312/home/173678316,NWMLS,1688719,N,Y,47.5554432,-122.6969879
PAST SALE,August-11-2021,Single Family Residential,1017 Timberline (Homesite 132) Ave,Bremerton,WA,98312,569950,4,2.5,West Bremerton,2501,5450,2021,64,228,50,Sold,,,http://www.redfin.com/WA/Bremerton/1017-Timberline-Ave-98312/home/174864695,NWMLS,1751374,N,Y,47.5535271,-122.6987189
PAST SALE,August-27-2021,Single Family Residential,1040 Baker Heights (Homesite 217) Loop,Bremerton,WA,98312,609950,4,2.5,West Bremerton,2501,5450,2021,48,244,50,Sold,,,http://www.redfin.com/WA/Bremerton/1040-Baker-Heights-Loop-98312/home/174942857,NWMLS,1758169,N,Y,47.5528456,-122.696693
PAST SALE,May-14-2021,Single Family Residential,1009 Timberline (Homesite 201) Ave,Bremerton,WA,98312,544950,4,2.5,West Bremerton,2501,5450,2021,153,218,50,Sold,,,http://www.redfin.com/WA/Bremerton/1009-Timberline-Ave-98312/home/174385575,NWMLS,1778203,N,Y,47.5538018,-122.6987294
PAST SALE,May-10-2021,Single Family Residential,935 Baker Heights (Homesite 184) Loop,Bremerton,WA,98312,539950,4,2.5,West Bremerton,2501,5450,2021,157,216,50,Sold,,,http://www.redfin.com/WA/Bremerton/935-Baker-Heights-Loop-98312/home/174338305,NWMLS,1725310,N,Y,47.5550213,-122.6976371
PAST SALE,April-19-2021,Single Family Residential,927 Baker Heights (Homesite 186) Loop,Bremerton,WA,98312,531000,4,2.5,West Bremerton,2501,5450,2020,178,212,50,Sold,,,http://www.redfin.com/WA/Bremerton/927-Baker-Heights-Loop-98312/home/174112547,NWMLS,1714572,N,Y,47.5552881,-122.6976354
PAST SALE,October-22-2020,Single Family Residential,1484 Baker Heights (Homesite 45) Loop,Bremerton,WA,98312,474950,4,2.5,West Bremerton,2501,5441,2020,357,190,55,Sold,,,http://www.redfin.com/WA/Bremerton/1484-Baker-Heights-Loop-98312/home/172008163,NWMLS,1613996,N,Y,47.5554697,-122.6998556
PAST SALE,November-9-2020,Single Family Residential,1476 Baker Heights (Homesite 43) Loop,Bremerton,WA,98312,478950,4,2.5,West Bremerton,2501,5312,2020,339,192,55,Sold,,,http://www.redfin.com/WA/Bremerton/1476-Baker-Heights-Loop-98312/home/172067422,NWMLS,1614439,N,Y,47.5551896,-122.6998554
PAST SALE,September-29-2021,Single Family Residential,732 S Summit Ave,Bremerton,WA,98312,615000,4,2,West Bremerton,2492,16988,1902,15,247,,Sold,,,http://www.redfin.com/WA/Bremerton/732-S-Summit-Ave-98312/home/2308076,NWMLS,1802446,N,Y,47.5554411,-122.6580746
PAST SALE,September-10-2021,Single Family Residential,5125 Granger St,Bremerton,WA,98312,475000,5,3,West Hills,2443,4328,2021,34,194,38,Sold,,,http://www.redfin.com/WA/Bremerton/5125-Granger-ST-98312/home/174757027,NWMLS,1745539,N,Y,47.547464,-122.682351
PAST SALE,May-28-2021,Single Family Residential,5192 Sinclair Way,Bremerton,WA,98312,456954,5,3,West Hills,2443,4169,2021,139,187,,Sold,,,http://www.redfin.com/WA/Bremerton/5192-Sinclair-Way-98312/home/173143467,NWMLS,1661823,N,Y,47.5514355,-122.6843257
PAST SALE,July-6-2021,Single Family Residential,5136 Sinclair Way,Bremerton,WA,98312,438221,5,3,West Hills,2443,4145,2021,100,179,,Sold,,,http://www.redfin.com/WA/Bremerton/5136-Sinclair-Way-98312/home/173147209,NWMLS,1662213,N,Y,47.5489166,-122.6852647
PAST SALE,October-12-2021,Single Family Residential,5165 Granger St,Bremerton,WA,98312,517850,5,3,West Hills,2443,3799,2021,2,212,,Sold,,,http://www.redfin.com/WA/Bremerton/5165-Granger-ST-98312/home/174464891,NWMLS,1732362,N,Y,47.547995,-122.684258
PAST SALE,September-7-2021,Single Family Residential,5160 Sinclair Way,Bremerton,WA,98312,520649,5,3,West Hills,2443,3600,2021,37,213,,Sold,,,http://www.redfin.com/WA/Bremerton/5160-Sinclair-Way-98312/home/173143588,NWMLS,1661868,N,Y,47.5489166,-122.6852647
PAST SALE,December-4-2020,Single Family Residential,3632 W G St,Bremerton,WA,98312,379000,4,2,Navy Yard City,2400,6100,1916,314,158,,Sold,,,http://www.redfin.com/WA/Bremerton/3632-W-G-St-98312/home/2411457,NWMLS,1659239,N,Y,47.5558039,-122.6642014
PAST SALE,September-16-2021,Single Family Residential,1641 Sound Ridge Dr,Bremerton,WA,98312,535000,3,2.5,West Hills,2398,5663,2007,28,223,,Sold,,,http://www.redfin.com/WA/Bremerton/1641-Sound-Ridge-Dr-98312/home/12099667,NWMLS,1820396,N,Y,47.5497649,-122.6755822
PAST SALE,September-30-2021,Single Family Residential,4104 W F St,Bremerton,WA,98312,415000,3,2,Navy Yard City,2390,10019,1920,14,174,,Sold,,,http://www.redfin.com/WA/Bremerton/4104-W-F-St-98312/home/2397086,NWMLS,1831168,N,Y,47.5548899,-122.668394
PAST SALE,January-6-2021,Single Family Residential,103 S Marion Ave,Bremerton,WA,98312,345000,3,1,West Bremerton,2326,31363,1935,281,148,,Sold,,,http://www.redfin.com/WA/Bremerton/103-S-Marion-Ave-98312/home/2244365,NWMLS,1691785,N,Y,47.5635469,-122.6631114
PAST SALE,September-22-2021,Single Family Residential,7001 Osprey Cir,Bremerton,WA,98312,630000,3,2.5,Kitsap Lake,2322,8712,1994,22,271,13,Sold,,,http://www.redfin.com/WA/Bremerton/7001-Osprey-Cir-98312/home/2466152,NWMLS,1821259,N,Y,47.5677256,-122.6957394
PAST SALE,September-3-2021,Single Family Residential,4124 W D St,Bremerton,WA,98312,452500,5,2,Navy Yard City,2320,6098,1957,41,195,,Sold,,,http://www.redfin.com/WA/Bremerton/4124-W-D-St-98312/home/2397178,NWMLS,1809669,N,Y,47.553557,-122.6692118
PAST SALE,January-22-2021,Single Family Residential,908 Baker Heights (Homesite 194) Loop,Bremerton,WA,98312,502950,4,2.5,West Bremerton,2311,5622,2020,265,218,50,Sold,,,http://www.redfin.com/WA/Bremerton/908-Baker-Heights-Loop-98312/home/173440648,NWMLS,1678940,N,Y,47.5560026,-122.6969595
PAST SALE,March-5-2021,Single Family Residential,916 Baker Heights (Homesite 196) Loop,Bremerton,WA,98312,524950,4,2.5,West Bremerton,2311,5450,2020,223,227,50,Sold,,,http://www.redfin.com/WA/Bremerton/916-Baker-Heights-Loop-98312/home/173876681,NWMLS,1695581,N,Y,47.5557279,-122.6969529
PAST SALE,September-1-2021,Single Family Residential,944 Baker Heights (Homesite 203) Loop,Bremerton,WA,98312,578950,4,2.5,West Bremerton,2311,5450,2021,43,251,50,Sold,,,http://www.redfin.com/WA/Bremerton/944-Baker-Heights-Loop-98312/home/176505630,NWMLS,1844536,N,Y,47.5547668,-122.6969511
PAST SALE,April-15-2021,Single Family Residential,932 Baker Heights (Homesite 200) Loop,Bremerton,WA,98312,524950,4,2.5,West Bremerton,2311,5450,2021,182,227,50,Sold,,,http://www.redfin.com/WA/Bremerton/932-Baker-Heights-Loop-98312/home/174104970,NWMLS,1713361,N,Y,47.5551787,-122.6969518
PAST SALE,July-14-2021,Single Family Residential,1026 Timberline (Homesite 173) Ave,Bremerton,WA,98312,555450,4,2.5,West Bremerton,2311,5450,2021,92,240,50,Sold,,,http://www.redfin.com/WA/Bremerton/1026-Timberline-Ave-98312/home/174558467,NWMLS,1735443,N,Y,47.5532971,-122.6980228
PAST SALE,July-12-2021,Single Family Residential,1018 Timberline (Homesite 171) Ave,Bremerton,WA,98312,544950,4,2.5,West Bremerton,2311,5450,2021,94,236,50,Sold,,,http://www.redfin.com/WA/Bremerton/1018-Timberline-Ave-98312/home/174338306,NWMLS,1734799,N,Y,47.5535718,-122.6980356
PAST SALE,July-19-2021,Single Family Residential,1034 Timberline (Homesite 175) Ave,Bremerton,WA,98312,574950,4,2.5,West Bremerton,2311,5450,2021,87,249,50,Sold,,,http://www.redfin.com/WA/Bremerton/1034-Timberline-Ave-98312/home/174641462,NWMLS,1739142,N,Y,47.5530227,-122.6980066
PAST SALE,September-9-2021,Single Family Residential,952 Baker Heights (Homesite 205) Loop,Bremerton,WA,98312,589950,4,2.5,West Bremerton,2311,5450,2021,35,255,50,Sold,,,http://www.redfin.com/WA/Bremerton/952-Baker-Heights-Loop-98312/home/175088747,NWMLS,1769621,N,Y,47.5544923,-122.6969504
PAST SALE,October-13-2021,Single Family Residential,1483 Baker Heights Loop,Bremerton,WA,98312,615000,4,2.5,West Bremerton,2311,5227,2020,1,266,50,Sold,,,http://www.redfin.com/WA/Bremerton/1483-Baker-Heights-Loop-98312/home/172378648,NWMLS,1823040,N,Y,47.5554057,-122.6992511
PAST SALE,November-16-2020,Single Family Residential,1491 Baker Heights (Homesite 55) Loop,Bremerton,WA,98312,486950,4,2.5,West Bremerton,2311,5025,2020,332,211,50,Sold,,,http://www.redfin.com/WA/Bremerton/1491-Baker-Heights-Loop-98312/home/172680290,NWMLS,1643789,N,Y,47.5556858,-122.6993141
PAST SALE,December-21-2020,Single Family Residential,1507 Baker Heights (Homesite 51) Loop,Bremerton,WA,98312,494950,4,2.5,West Bremerton,2311,5025,2020,297,214,50,Sold,,,http://www.redfin.com/WA/Bremerton/1507-Baker-Heights-Loop-98312/home/173372410,NWMLS,1674495,N,Y,47.5561927,-122.6991327
PAST SALE,December-9-2020,Single Family Residential,1499 Baker Heights (Homesite 53) Loop,Bremerton,WA,98312,489950,4,2.5,West Bremerton,2311,4936,2020,309,212,50,Sold,,,http://www.redfin.com/WA/Bremerton/1499-Baker-Heights-Loop-98312/home/173289202,NWMLS,1669184,N,Y,47.5559179,-122.6991416
PAST SALE,February-11-2021,Single Family Residential,903 Baker Heights (Homesite 192) Loop,Bremerton,WA,98312,474950,4,2.5,West Bremerton,2311,4436,2020,245,206,50,Sold,,,http://www.redfin.com/WA/Bremerton/903-Baker-Heights-Loop-98312/home/173440603,NWMLS,1678930,N,Y,47.5561112,-122.6976771
PAST SALE,April-23-2021,Single Family Residential,5124 Sinclair Way,Bremerton,WA,98312,421713,4,3,West Hills,2298,4179,2021,174,184,,Sold,,,http://www.redfin.com/WA/Bremerton/5124-Sinclair-Way-98312/home/173147205,NWMLS,1662267,N,Y,47.5489166,-122.6852647
PAST SALE,May-14-2021,Single Family Residential,5172 Sinclair Way,Bremerton,WA,98312,425289,4,3,West Hills,2298,4121,2021,153,185,,Sold,,,http://www.redfin.com/WA/Bremerton/5172-Sinclair-Way-98312/home/173143534,NWMLS,1661831,N,Y,47.5489166,-122.6852647
PAST SALE,August-26-2021,Single Family Residential,5137 Granger St,Bremerton,WA,98312,430000,4,3,West Hills,2298,3802,2021,49,187,38,Sold,,,http://www.redfin.com/WA/Bremerton/5137-Granger-ST-98312/home/174396826,NWMLS,1710742,N,Y,47.548314,-122.684277
PAST SALE,April-30-2021,Single Family Residential,5190 Sophie St,Bremerton,WA,98312,419449,4,3,West Hills,2298,3791,2021,167,183,,Sold,,,http://www.redfin.com/WA/BREMERTON/5190-SOPHIE-ST-98312/home/173143425,NWMLS,1661816,N,Y,47.548314,-122.684277
PAST SALE,May-12-2021,Single Family Residential,5144 Sinclair Way,Bremerton,WA,98312,427565,4,3,West Hills,2298,3600,2021,155,186,,Sold,,,http://www.redfin.com/WA/Bremerton/5144-Sinclair-Way-98312/home/173147213,NWMLS,1662181,N,Y,47.5489166,-122.6852647
PAST SALE,December-4-2020,Single Family Residential,1163 Daniels Ave,Bremerton,WA,98312,451010,3,2.5,Bremerton,2290,4792,1999,314,197,,Sold,,,http://www.redfin.com/WA/Bremerton/1163-Daniels-Ave-98312/home/2403486,NWMLS,1684364,N,Y,47.5536759,-122.6755509
PAST SALE,December-7-2020,Single Family Residential,1895 Hardway Ln,Bremerton,WA,98312,420000,3,2.5,West Hills,2252,4356,2020,311,187,,Sold,,,http://www.redfin.com/WA/Bremerton/1895-Hardway-Ln-98312/home/168708332,NWMLS,1677526,N,Y,47.5486283,-122.6769779
PAST SALE,November-23-2020,Single Family Residential,1923 Hardway Ln,Bremerton,WA,98312,424950,3,2.5,West Hills,2252,4356,2020,325,189,,Sold,,,http://www.redfin.com/WA/Bremerton/1923-Hardway-Ln-98312/home/168708333,NWMLS,1679080,N,Y,47.548449,-122.676974
PAST SALE,November-13-2020,Single Family Residential,1881 Hardway Ln,Bremerton,WA,98312,413000,3,2.5,West Hills,2252,3485,2020,335,183,,Sold,,,http://www.redfin.com/WA/Bremerton/1881-Hardway-Ln-98312/unit-IN/home/168708328,NWMLS,1661946,N,Y,47.5486344,-122.6774503
PAST SALE,November-19-2020,Single Family Residential,1927 Hardway Ln,Bremerton,WA,98312,412950,3,2.5,West Hills,2252,3049,2020,329,183,,Sold,,,http://www.redfin.com/WA/Bremerton/1927-Hardway-Ln-98312/home/168708334,NWMLS,1661939,N,Y,47.548442,-122.677227
PAST SALE,November-25-2020,Single Family Residential,1885 Hardway Ln,Bremerton,WA,98312,415950,3,2.5,West Hills,2252,3049,2020,323,185,,Sold,,,http://www.redfin.com/WA/Bremerton/1885-Hardway-Ln-98312/home/168708329,NWMLS,1682199,N,Y,47.5486282,-122.677257
PAST SALE,November-20-2020,Single Family Residential,339 Dora Ave,Bremerton,WA,98312,353000,3,1.5,Bremerton,2249,5227,1941,328,157,,Sold,,,http://www.redfin.com/WA/Bremerton/339-Dora-Ave-98312/home/2217268,NWMLS,1678775,N,Y,47.566901,-122.666502
PAST SALE,November-6-2020,Single Family Residential,315 S Lafayette,Bremerton,WA,98312,335000,4,2,Charleston,2200,10454,1906,342,152,,Sold,,,http://www.redfin.com/WA/Bremerton/315-S-Lafayette-Ave-98312/home/2313416,NWMLS,1617427,N,Y,47.5595513,-122.6568816
PAST SALE,July-7-2021,Single Family Residential,198 Russell Rd,Bremerton,WA,98312,544900,5,2.5,Bremerton,2175,4792,2021,99,251,36,Sold,,,http://www.redfin.com/WA/Bremerton/198-Russell-Rd-98312/home/173640488,NWMLS,1776000,N,Y,47.562963,-122.675488
PAST SALE,September-7-2021,Single Family Residential,4430 Sand Dollar St,Bremerton,WA,98312,561900,5,2.5,Bremerton,2175,4356,2021,37,258,42,Sold,,,http://www.redfin.com/WA/Bremerton/4430-Sand-Dollar-Dr-98312/home/173732948,NWMLS,1780155,N,Y,47.563928,-122.674145
PAST SALE,November-13-2020,Single Family Residential,4761 Driftwood St,Bremerton,WA,98312,462900,5,2.5,Bremerton,2175,4000,2020,335,213,,Sold,,,http://www.redfin.com/WA/Bremerton/4761-Driftwood-St-98312/home/171409535,NWMLS,1593366,N,Y,47.56652,-122.678522
PAST SALE,June-23-2021,Single Family Residential,210 Russell Rd,Bremerton,WA,98312,521900,5,2.5,Bremerton,2175,3600,2021,113,240,36,Sold,,,http://www.redfin.com/WA/Bremerton/210-Russell-Rd-98312/home/173640466,NWMLS,1773700,N,Y,47.563243,-122.675048
PAST SALE,July-8-2021,Single Family Residential,186 Russell Rd,Bremerton,WA,98312,536900,5,2.5,Bremerton,2175,3485,2021,98,247,36,Sold,,,http://www.redfin.com/WA/Bremerton/186-Russell-Rd-98312/home/173732972,NWMLS,1775767,N,Y,47.563248,-122.675883
PAST SALE,August-12-2021,Single Family Residential,4421 Sand Dollar St,Bremerton,WA,98312,561900,5,2.5,Bremerton,2175,3485,2021,63,258,36,Sold,,,http://www.redfin.com/WA/Bremerton/4421-Sand-Dollar-Dr-98312/home/173732968,NWMLS,1775781,N,Y,47.563525,-122.67396
PAST SALE,December-17-2020,Single Family Residential,4788 Deadwood St,Bremerton,WA,98312,470900,5,2.5,Bremerton,2175,3400,2020,301,217,36,Sold,,,http://www.redfin.com/WA/Bremerton/4788-Deadwood-St-98312/home/173732888,NWMLS,1642076,N,Y,47.567432,-122.678024
PAST SALE,December-14-2020,Single Family Residential,4750 Driftwood St,Bremerton,WA,98312,474900,5,2.5,Bremerton,2175,3400,2020,304,218,36,Sold,,,http://www.redfin.com/WA/Bremerton/4750-Driftwood-St-98312/home/171409518,NWMLS,1636118,N,Y,47.5660488,-122.6783011
PAST SALE,July-15-2021,Single Family Residential,247 S Yantic Ave,Bremerton,WA,98312,420000,2,1,West Bremerton,2128,11326,1937,91,197,,Sold,,,http://www.redfin.com/WA/Bremerton/247-S-Yantic-Ave-98312/home/2244291,NWMLS,1789983,N,Y,47.5601833,-122.6600052
PAST SALE,September-23-2021,Single Family Residential,3206 Preble St,Bremerton,WA,98312,355000,3,2,Navy Yard City,2089,9148,1940,21,170,,Sold,,,http://www.redfin.com/WA/Bremerton/3206-Preble-St-98312/home/2321302,NWMLS,1829049,N,Y,47.5566595,-122.6588232
PAST SALE,July-12-2021,Single Family Residential,1934 Hardway Ln,Bremerton,WA,98312,488000,3,2.5,West Hills,2079,3485,2019,94,235,,Sold,,,http://www.redfin.com/WA/Bremerton/1934-Hardway-Ln-98312/home/166937228,NWMLS,1751882,N,Y,47.548131,-122.6774901
PAST SALE,June-14-2021,Single Family Residential,5128 Sinclair Way,Bremerton,WA,98312,404305,4,2.5,West Hills,2047,4149,2021,122,198,,Sold,,,http://www.redfin.com/WA/Bremerton/5128-Sinclair-Way-98312/home/173147206,NWMLS,1662250,N,Y,47.5489166,-122.6852647
PAST SALE,August-19-2021,Single Family Residential,5140 Sinclair Way,Bremerton,WA,98312,450000,4,2.5,West Hills,2047,3923,2020,56,220,38,Sold,,,http://www.redfin.com/WA/Bremerton/5140-Sinclair-Way-98312/home/173147211,NWMLS,1720304,N,Y,47.5489166,-122.6852647
PAST SALE,July-22-2021,Single Family Residential,5164 Sinclair Way,Bremerton,WA,98312,404530,4,2.5,West Hills,2047,3600,2021,84,198,,Sold,,,http://www.redfin.com/WA/Bremerton/5164-Sinclair-Way-98312/home/173143589,NWMLS,1661835,N,Y,47.5489166,-122.6852647
PAST SALE,September-30-2021,Single Family Residential,5145 Granger St,Bremerton,WA,98312,425000,4,2.5,West Hills,2047,3600,2021,14,208,38,Sold,,,http://www.redfin.com/WA/Bremerton/5145-Granger-ST-98312/home/174228040,NWMLS,1717506,N,Y,47.548314,-122.684277
PAST SALE,August-18-2021,Single Family Residential,4119 W Arsenal Way,Bremerton,WA,98312,449820,4,2,West Bremerton,2002,14810,1930,57,225,,Sold,,,http://www.redfin.com/WA/Bremerton/4119-Arsenal-Way-98312/unit-X/home/2396508,NWMLS,1797029,N,Y,47.5596515,-122.6684282
PAST SALE,January-12-2021,Single Family Residential,1949 Hardway Ln,Bremerton,WA,98312,413950,3,2.5,West Hills,1979,4356,2020,275,209,,Sold,,,http://www.redfin.com/WA/Bremerton/1949-Hardway-Ln-98312/home/168708339,NWMLS,1696169,N,Y,47.5484337,-122.6780354
PAST SALE,July-26-2021,Single Family Residential,1108 Audrey W,Bremerton,WA,98312,265000,3,2,Navy Yard City,1964,14800,1942,80,135,,Sold,,,http://www.redfin.com/WA/Bremerton/1108-Audrey-Ave-98312/home/2412429,NWMLS,1800971,N,Y,47.5523862,-122.6697909
PAST SALE,June-15-2021,Single Family Residential,1132 Evans Ave W,Bremerton,WA,98312,405000,4,1.5,Bremerton,1958,6534,1943,121,207,,Sold,,,http://www.redfin.com/WA/Bremerton/1132-Evans-Ave-W-98312/home/2412210,NWMLS,1782414,N,Y,47.551539,-122.6687187
PAST SALE,May-28-2021,Single Family Residential,127 S Marion Ave,Bremerton,WA,98312,320000,0,,West Bremerton,1914,85378,1910,139,167,,Sold,,,http://www.redfin.com/WA/Bremerton/127-S-Marion-Ave-98312/home/2244379,NWMLS,1711143,N,Y,47.563012,-122.663674
PAST SALE,December-22-2020,Single Family Residential,1621 Sound Ridge Dr,Bremerton,WA,98312,379900,3,2.5,Bremerton,1912,3920,2007,296,199,,Sold,,,http://www.redfin.com/WA/Bremerton/1621-Sound-Ridge-Dr-98312/home/12099624,NWMLS,1688038,N,Y,47.550406,-122.6755881
PAST SALE,October-22-2020,Single Family Residential,332 N Lafayette Ave,Bremerton,WA,98312,355000,3,3.5,Bremerton,1890,3485,2008,357,188,,Sold,,,http://www.redfin.com/WA/Bremerton/332-N-Lafayette-Ave-98312/home/18601664,NWMLS,1663592,N,Y,47.5664163,-122.6563267
PAST SALE,August-26-2021,Single Family Residential,5133 Granger St,Bremerton,WA,98312,416500,3,2.5,West Hills,1888,4316,2021,49,221,38,Sold,,,http://www.redfin.com/WA/Bremerton/5133-Granger-ST-98312/home/173967574,NWMLS,1710730,N,Y,47.548314,-122.684277
PAST SALE,June-25-2021,Single Family Residential,5132 Sinclair Way,Bremerton,WA,98312,421692,3,2.5,West Hills,1888,4147,2021,111,223,,Sold,,,http://www.redfin.com/WA/Bremerton/5132-Sinclair-Way-98312/home/173147208,NWMLS,1662241,N,Y,47.5489166,-122.6852647
PAST SALE,December-7-2020,Single Family Residential,5198 Sophie St,Bremerton,WA,98312,415000,3,2.5,West Hills,1888,4132,2020,311,220,38,Sold,,,http://www.redfin.com/WA/BREMERTON/5198-SOPHIE-ST-98312/home/172652434,NWMLS,1675959,N,Y,47.548314,-122.684277
PAST SALE,June-30-2021,Single Family Residential,5186 Sophie St,Bremerton,WA,98312,394100,3,2.5,West Hills,1888,3974,2021,106,209,,Sold,,,http://www.redfin.com/WA/Bremerton/5186-Sophie-ST-98312/home/173143427,NWMLS,1661815,N,Y,47.548314,-122.684277
PAST SALE,August-9-2021,Single Family Residential,5148 Sinclair Way,Bremerton,WA,98312,390855,3,2.5,West Hills,1888,3600,2021,66,207,,Sold,,,http://www.redfin.com/WA/Bremerton/5148-Sinclair-Way-98312/home/173143655,NWMLS,1661884,N,Y,47.5489166,-122.6852647
PAST SALE,August-5-2021,Single Family Residential,5156 Sinclair Way,Bremerton,WA,98312,396000,3,2.5,West Hills,1888,3600,2021,70,210,,Sold,,,http://www.redfin.com/WA/Bremerton/5156-Sinclair-Way-98312/home/173143622,NWMLS,1661873,N,Y,47.5489166,-122.6852647
PAST SALE,December-7-2020,Single Family Residential,4772 Deadwood St,Bremerton,WA,98312,445900,4,2.5,Bremerton,1843,4250,2020,311,242,36,Sold,,,http://www.redfin.com/WA/Bremerton/4772-Deadwood-St-98312/home/173732892,NWMLS,1624402,N,Y,47.567082,-122.677573
PAST SALE,December-31-2020,Single Family Residential,4820 Deadwood St,Bremerton,WA,98312,453900,4,2.5,Bremerton,1843,3825,2020,287,246,36,Sold,,,http://www.redfin.com/WA/Bremerton/4820-Deadwood-St-98312/home/173732883,NWMLS,1681771,N,Y,47.567923,-122.678643
PAST SALE,December-31-2020,Single Family Residential,4796 Deadwood St,Bremerton,WA,98312,456900,4,2.5,Bremerton,1843,3556,2020,287,248,36,Sold,,,http://www.redfin.com/WA/Bremerton/4796-Deadwood-St-98312/home/173732886,NWMLS,1681763,N,Y,47.567589,-122.678258
PAST SALE,July-20-2021,Single Family Residential,174 Russell Rd,Bremerton,WA,98312,524900,4,2.5,Bremerton,1843,3485,2021,86,285,42,Sold,,,http://www.redfin.com/WA/Bremerton/174-Russell-Rd-98312/unit-5/home/173701862,NWMLS,1775746,N,Y,47.563482,-122.676233
PAST SALE,August-4-2021,Single Family Residential,4445 Sand Dollar St,Bremerton,WA,98312,497900,4,2.5,Bremerton,1843,3485,2021,71,270,42,Sold,,,http://www.redfin.com/WA/Bremerton/4445-Sand-Dollar-Dr-98312/home/173732965,NWMLS,1775967,N,Y,47.563522,-122.67445
PAST SALE,August-18-2021,Single Family Residential,4469 Sand Dollar St,Bremerton,WA,98312,521900,4,2.5,Bremerton,1843,3485,2021,57,283,36,Sold,,,http://www.redfin.com/WA/Bremerton/4469-Sand-Dollar-Dr-98312/home/173732962,NWMLS,1775983,N,Y,47.5636654,-122.6748405
PAST SALE,December-4-2020,Single Family Residential,4780 Deadwood St,Bremerton,WA,98312,445900,4,2.5,Bremerton,1843,3400,2020,314,242,36,Sold,,,http://www.redfin.com/WA/Bremerton/4780-Deadwood-St-98312/home/173732890,NWMLS,1642060,N,Y,47.567276,-122.677793
PAST SALE,December-22-2020,Single Family Residential,4732 Deadwood St,Bremerton,WA,98312,453900,4,2.5,Bremerton,1843,3400,2020,296,246,36,Sold,,,http://www.redfin.com/WA/Bremerton/4732-Deadwood-St-98312/home/173732902,NWMLS,1624383,N,Y,47.565896,-122.677743
PAST SALE,October-1-2021,Single Family Residential,819 Merrill Pl W,Bremerton,WA,98312,420000,3,1.5,Navy Yard City,1839,10890,1940,13,228,,Sold,,,http://www.redfin.com/WA/Bremerton/819-Merrill-Pl-W-98312/home/2128329,NWMLS,1815181,N,Y,47.5541293,-122.6620494
PAST SALE,March-8-2021,Single Family Residential,103 Dora Ave,Bremerton,WA,98312,315000,3,2,West Hills,1838,13068,1936,220,171,,Sold,,,http://www.redfin.com/WA/Bremerton/103-Dora-Ave-98312/home/2216907,NWMLS,1698369,N,Y,47.5638265,-122.6670244
PAST SALE,January-8-2021,Single Family Residential,729 Eden Rd W,Bremerton,WA,98312,240000,4,2,Bremerton,1782,24394,1992,279,135,,Sold,,,http://www.redfin.com/WA/Bremerton/729-Eden-Rd-W-98312/home/2540278,NWMLS,1715827,N,Y,47.5577898,-122.6869632
PAST SALE,September-15-2021,Single Family Residential,625 N Lafayette,Bremerton,WA,98312,380000,3,1.5,West Bremerton,1772,4792,1940,29,214,,Sold,,,http://www.redfin.com/WA/Bremerton/625-N-Lafayette-Ave-98312/home/2314105,NWMLS,1823491,N,Y,47.568352,-122.656871
PAST SALE,May-7-2021,Single Family Residential,3548 W Arsenal Way,Bremerton,WA,98312,461000,4,2,Bremerton,1762,21344,1937,160,262,,Sold,,,http://www.redfin.com/WA/Bremerton/3548-Arsenal-Way-98312/home/2244455,NWMLS,1754077,N,Y,47.5612002,-122.6647426
PAST SALE,November-9-2020,Single Family Residential,1205 Daniels Ave,Bremerton,WA,98312,400000,3,2,West Hills,1743,4792,1998,339,229,,Sold,,,http://www.redfin.com/WA/Bremerton/1205-Daniels-Ave-98312/home/2403510,NWMLS,1651469,N,Y,47.5531292,-122.6755177
PAST SALE,June-18-2021,Single Family Residential,812 S Marion Ave W,Bremerton,WA,98312,325000,2,1,West Bremerton,1732,4792,1941,118,188,,Sold,,,http://www.redfin.com/WA/Bremerton/812-Marion-Ave-W-98312/home/2244862,NWMLS,1781564,N,Y,47.5543589,-122.6622703
PAST SALE,May-14-2021,Single Family Residential,3730 W D St,Bremerton,WA,98312,407500,2,1,Bremerton,1724,6534,1950,153,236,,Sold,,,http://www.redfin.com/WA/Bremerton/3730-W-D-St-98312/home/2411855,NWMLS,1755521,N,Y,47.553614,-122.6667515
PAST SALE,February-3-2021,Single Family Residential,320 N Lafayette Ave,Bremerton,WA,98312,355500,3,2.5,Bremerton,1723,2614,2008,253,206,,Sold,,,http://www.redfin.com/WA/Bremerton/320-N-Lafayette-Ave-98312/home/18601986,NWMLS,1711388,N,Y,47.5661665,-122.6563033
PAST SALE,August-26-2021,Single Family Residential,869 S Summit Ave,Bremerton,WA,98312,401000,2,2,West Bremerton,1700,10019,1940,49,236,,Sold,,,http://www.redfin.com/WA/Bremerton/869-S-Summit-Ave-98312/home/2244753,NWMLS,1810282,N,Y,47.5556307,-122.6618395
PAST SALE,January-12-2021,Single Family Residential,419 Sunnyhill Rd W,Bremerton,WA,98312,365000,3,2,Bremerton,1680,12632,2020,275,217,,Sold,,,http://www.redfin.com/WA/Bremerton/419-Sunnyhill-Rd-W-98312/home/161083145,NWMLS,1676289,N,Y,47.5593,-122.688359
PAST SALE,August-13-2021,Single Family Residential,603 W Charlotte Ave,Bremerton,WA,98312,350000,4,2.5,Navy Yard City,1680,3485,2006,62,208,,Sold,,,http://www.redfin.com/WA/Bremerton/603-Charlotte-Ave-W-98312/home/11762594,NWMLS,1810561,N,Y,47.556048,-122.665354
PAST SALE,November-18-2020,Single Family Residential,1496 Baker Heights (Homesite 48) Loop,Bremerton,WA,98312,449950,3,2,West Bremerton,1669,5713,2020,330,270,50,Sold,,,http://www.redfin.com/WA/Bremerton/1496-Baker-Heights-Loop-98312/home/173219944,NWMLS,1665931,N,Y,47.5558762,-122.6998399
PAST SALE,May-11-2021,Single Family Residential,1005 Timberline Ave (Homesite 135) Loop,Bremerton,WA,98312,469950,3,2,West Bremerton,1669,5501,2021,156,282,55,Sold,,,http://www.redfin.com/WA/Bremerton/1005-Timberline-Ave-98312/home/174105044,NWMLS,1713383,N,Y,47.553939,-122.6987329
PAST SALE,February-12-2021,Single Family Residential,912 Baker Heights (Homesite 195) Loop,Bremerton,WA,98312,464950,3,2,West Bremerton,1669,5450,2020,244,279,50,Sold,,,http://www.redfin.com/WA/Bremerton/912-Baker-Heights-Loop-98312/home/173434698,NWMLS,1678582,N,Y,47.5558652,-122.6969531
PAST SALE,April-6-2021,Single Family Residential,928 Baker Heights (Homesite 199) Loop,Bremerton,WA,98312,479950,3,2,West Bremerton,1669,5450,2020,191,288,50,Sold,,,http://www.redfin.com/WA/Bremerton/928-Baker-Heights-Loop-98312/home/173761265,NWMLS,1695562,N,Y,47.5553184,-122.6969761
PAST SALE,August-10-2021,Single Family Residential,948 Baker Heights (Homesite 204) Loop,Bremerton,WA,98312,542950,3,2,West Bremerton,1669,5450,2021,65,325,50,Sold,,,http://www.redfin.com/WA/Bremerton/948-Baker-Heights-Loop-98312/home/174898260,NWMLS,1754646,N,Y,47.5546295,-122.6969507
PAST SALE,April-1-2021,Single Family Residential,923 Baker Heights (Homesite 187) Loop,Bremerton,WA,98312,459950,3,2,West Bremerton,1669,5450,2020,196,276,55,Sold,,,http://www.redfin.com/WA/Bremerton/923-Baker-Heights-Loop-98312/home/173873991,NWMLS,1695511,N,Y,47.5554254,-122.6976357
PAST SALE,March-2-2021,Single Family Residential,915 Baker Heights (Homesite 189) Loop,Bremerton,WA,98312,437950,3,2,West Bremerton,1669,5450,2020,226,262,50,Sold,,,http://www.redfin.com/WA/Bremerton/915-Baker-Heights-Loop-98312/home/173526854,NWMLS,1681184,N,Y,47.5556997,-122.6976363
PAST SALE,April-23-2021,Single Family Residential,940 Baker Heights (Homesite 202) Loop,Bremerton,WA,98312,509950,3,2,West Bremerton,1669,5450,2020,174,306,50,Sold,,,http://www.redfin.com/WA/Bremerton/940-Baker-Heights-Loop-98312/home/174105056,NWMLS,1713389,N,Y,47.5549041,-122.6969513
PAST SALE,July-26-2021,Single Family Residential,1021 Timberline (Homesite 131) Loop,Bremerton,WA,98312,504950,3,2,West Bremerton,1669,5450,2021,80,303,50,Sold,,,http://www.redfin.com/WA/Bremerton/1021-Timberline-Ave-98312/home/174760048,NWMLS,1744149,N,Y,47.5533898,-122.698713
PAST SALE,June-28-2021,Single Family Residential,1471 Baker Heights (Homesite 60) Loop,Bremerton,WA,98312,499950,3,2,West Bremerton,1669,5450,2021,108,300,50,Sold,,,http://www.redfin.com/WA/Bremerton/1471-Baker-Heights-Loop-98312/home/174488009,NWMLS,1738328,N,Y,47.554957,-122.6991824
PAST SALE,July-6-2021,Single Family Residential,1022 Timberline (Homesite 172) Ave,Bremerton,WA,98312,514950,3,2,West Bremerton,1669,5450,2020,100,309,50,Sold,,,http://www.redfin.com/WA/Bremerton/1022-Timberline-Ave-98312/home/174612766,NWMLS,1735305,N,Y,47.5534343,-122.6980298
PAST SALE,August-17-2021,Single Family Residential,1004 Baker Heights (Homesite 208) Loop,Bremerton,WA,98312,549950,3,2,West Bremerton,1669,5450,2021,58,330,50,Sold,,,http://www.redfin.com/WA/Bremerton/1004-Baker-Heights-Loop-98312/home/174948014,NWMLS,1758819,N,Y,47.5540811,-122.6965931
PAST SALE,August-23-2021,Single Family Residential,943 Baker Heights (Homesite 182) Loop,Bremerton,WA,98312,509950,3,2,West Bremerton,1669,5450,2021,52,306,50,Sold,,,http://www.redfin.com/WA/Bremerton/943-Baker-Heights-Loop-98312/home/175089054,NWMLS,1769636,N,Y,47.5547388,-122.6976344
PAST SALE,October-23-2020,Single Family Residential,942 Timberline (Homesite 162) Ave,Bremerton,WA,98312,439950,3,2,West Bremerton,1669,5121,2020,356,264,55,Sold,,,http://www.redfin.com/WA/Bremerton/942-Timberline-Homesite-162-AVE-98312/home/172672173,NWMLS,1642847,N,Y,47.551604,-122.701909
PAST SALE,October-22-2020,Single Family Residential,1487 Baker Heights (Homesite 56) Loop,Bremerton,WA,98312,439950,3,2,West Bremerton,1669,5039,2020,357,264,55,Sold,,,http://www.redfin.com/WA/Bremerton/1487-Baker-Heights-Loop-98312/home/172686456,NWMLS,1644246,N,Y,47.5555306,-122.699263
PAST SALE,December-4-2020,Single Family Residential,1503 Baker Heights (Homesite 52) Loop,Bremerton,WA,98312,444950,3,2,West Bremerton,1669,4906,2020,314,267,55,Sold,,,http://www.redfin.com/WA/Bremerton/1503-Baker-Heights-Loop-98312/home/173186536,NWMLS,1665943,N,Y,47.5560553,-122.6991337
PAST SALE,June-3-2021,Single Family Residential,1312 Poindexter Ave,Bremerton,WA,98312,389950,4,2,West Hills,1664,4356,1945,133,234,,Sold,,,http://www.redfin.com/WA/Bremerton/1312-Poindexter-Ave-W-98312/home/2403776,NWMLS,1736848,N,Y,47.5511317,-122.6780133
PAST SALE,September-10-2021,Single Family Residential,622 Wilbert Ave,Bremerton,WA,98312,330000,3,1.5,Bremerton,1656,5227,1951,34,199,,Sold,,,http://www.redfin.com/WA/Bremerton/622-Wilbert-Ave-98312/home/2319534,NWMLS,1815694,N,Y,47.5683209,-122.6590575
PAST SALE,January-27-2021,Single Family Residential,210 S Hartford Ave,Bremerton,WA,98312,364000,4,2,Bremerton,1644,7405,1935,260,221,,Sold,,,http://www.redfin.com/WA/Bremerton/210-S-Hartford-Ave-98312/home/2314523,NWMLS,1693204,N,Y,47.5613405,-122.6586628
PAST SALE,February-9-2021,Single Family Residential,3613 W F St,Bremerton,WA,98312,369900,3,2.5,Bremerton,1640,3049,2017,247,226,,Sold,,,http://www.redfin.com/WA/Bremerton/3613-W-F-St-98312/home/120604508,NWMLS,1714644,N,Y,47.5547572,-122.6633404
PAST SALE,September-8-2021,Single Family Residential,4422 Sand Dollar St,Bremerton,WA,98312,494900,3,2.5,Bremerton,1623,4356,2021,36,305,42,Sold,,,http://www.redfin.com/WA/Bremerton/4422-Sand-Dollar-Dr-98312/home/173732949,NWMLS,1788539,N,Y,47.563929,-122.673975
PAST SALE,July-23-2021,Single Family Residential,202 Russell Rd,Bremerton,WA,98312,484900,3,2.5,Bremerton,1623,4160,2021,83,299,36,Sold,,,http://www.redfin.com/WA/Bremerton/202-Russell-Rd-98312/home/173640414,NWMLS,1773686,N,Y,47.56311,-122.675324
PAST SALE,December-31-2020,Single Family Residential,4808 Deadwood St,Bremerton,WA,98312,425900,3,2.5,Bremerton,1623,4080,2020,287,262,36,Sold,,,http://www.redfin.com/WA/Bremerton/4808-Deadwood-St-98312/home/173732885,NWMLS,1647462,N,Y,47.5675724,-122.6785167
PAST SALE,December-31-2020,Single Family Residential,4826 Deadwood St,Bremerton,WA,98312,428900,3,2.5,Bremerton,1623,4065,2020,287,264,36,Sold,,,http://www.redfin.com/WA/Bremerton/4826-Deadwood-St-98312/home/173732882,NWMLS,1653674,N,Y,47.5679906,-122.6788072
PAST SALE,December-4-2020,Single Family Residential,4776 Deadwood St,Bremerton,WA,98312,420900,3,2.5,Bremerton,1623,3995,2020,314,259,36,Sold,,,http://www.redfin.com/WA/Bremerton/4776-Deadwood-St-98312/home/173732891,NWMLS,1615077,N,Y,47.567187,-122.677674
PAST SALE,November-18-2020,Single Family Residential,4764 Deadwood St,Bremerton,WA,98312,417900,3,2.5,Bremerton,1623,3910,2020,330,257,36,Sold,,,http://www.redfin.com/WA/Bremerton/4764-Deadwood-St-98312/home/173732894,NWMLS,1608412,N,Y,47.566849,-122.677435
PAST SALE,July-20-2021,Single Family Residential,182 Russell Rd,Bremerton,WA,98312,473900,3,2.5,Bremerton,1623,3485,2020,86,292,36,Sold,,,http://www.redfin.com/WA/Bremerton/182-Russell-Rd-98312/home/173732971,NWMLS,1775966,N,Y,47.563328,-122.675993
PAST SALE,August-4-2021,Single Family Residential,4437 Sand Dollar St,Bremerton,WA,98312,494900,3,2.5,Bremerton,1623,3485,2021,71,305,42,Sold,,,http://www.redfin.com/WA/Bremerton/4437-Sand-Dollar-Dr-98312/home/173732966,NWMLS,1776023,N,Y,47.563524,-122.674286
PAST SALE,June-22-2021,Single Family Residential,214 Russell Rd,Bremerton,WA,98312,484900,3,2.5,Bremerton,1623,3485,2021,114,299,36,Sold,,,http://www.redfin.com/WA/Bremerton/214-Russell-Rd-98312/home/173640456,NWMLS,1775754,N,Y,47.563299,-122.674912
PAST SALE,July-6-2021,Single Family Residential,190 Russell Rd,Bremerton,WA,98312,486900,3,2.5,Bremerton,1623,3485,2021,100,300,36,Sold,,,http://www.redfin.com/WA/Bremerton/190-Russell-Rd-98312/home/173640467,NWMLS,1775731,N,Y,47.563137,-122.675732
PAST SALE,September-23-2021,Single Family Residential,4453 Sand Dollar St,Bremerton,WA,98312,509900,3,2.5,Bremerton,1623,3485,2021,21,314,42,Sold,,,http://www.redfin.com/WA/Bremerton/4453-Sand-Dollar-Dr-98312/home/173732964,NWMLS,1788535,N,Y,47.563525,-122.674617
PAST SALE,October-8-2021,Single Family Residential,4485 Sand Dollar St,Bremerton,WA,98312,512900,3,2.5,Bremerton,1623,3485,2021,6,316,36,Sold,,,http://www.redfin.com/WA/Bremerton/4485-Sand-Dollar-Dr-98312/home/173732960,NWMLS,1793079,N,Y,47.563683,-122.675269
PAST SALE,November-23-2020,Single Family Residential,4748 Deadwood St,Bremerton,WA,98312,426900,3,2.5,Bremerton,1623,3400,2020,325,263,36,Sold,,,http://www.redfin.com/WA/Bremerton/4748-Deadwood-St-98312/home/173732898,NWMLS,1603804,N,Y,47.5662701,-122.6775051
PAST SALE,October-5-2021,Single Family Residential,5219 5th St,Bremerton,WA,98312,395000,4,2,West Bremerton,1620,9148,2021,9,244,,Sold,,,http://www.redfin.com/WA/Bremerton/5219-5th-St-98312/home/2540176,NWMLS,1813708,N,Y,47.5666015,-122.6861526
PAST SALE,December-22-2020,Single Family Residential,980 Bremerton Blvd W,Bremerton,WA,98312,280000,3,2.5,West Hills,1617,3049,2010,296,173,,Sold,,,http://www.redfin.com/WA/Bremerton/980-Bremerton-Blvd-98312/home/35630307,NWMLS,1669551,N,Y,47.5536003,-122.6702326
PAST SALE,May-11-2021,Single Family Residential,336 Dora Ave,Bremerton,WA,98312,380000,3,1,Bremerton,1614,6098,1954,156,235,,Sold,,,http://www.redfin.com/WA/Bremerton/336-Dora-Ave-98312/home/12487887,NWMLS,1748578,N,Y,47.5667764,-122.6658094
PAST SALE,June-28-2021,Single Family Residential,640 Adele Ave,Bremerton,WA,98312,415000,3,2.5,Bremerton,1604,3920,1993,108,259,,Sold,,,http://www.redfin.com/WA/Bremerton/640-Adele-Ave-98312/home/2129908,NWMLS,1774645,N,Y,47.5683656,-122.6627117
PAST SALE,February-22-2021,Single Family Residential,3709 C,Bremerton,WA,98312,365000,3,2,Navy Yard City,1582,7405,1917,234,231,,Sold,,,http://www.redfin.com/WA/Bremerton/3709-C-St-98312/home/2412500,NWMLS,1695145,N,Y,47.55248,-122.6657385
PAST SALE,January-15-2021,Single Family Residential,1232 Poindexter Ave W,Bremerton,WA,98312,350000,4,2,West Bremerton,1560,4792,1930,272,224,,Sold,,,http://www.redfin.com/WA/Bremerton/1232-Poindexter-Ave-W-98312/home/2403814,NWMLS,1692548,N,Y,47.5519618,-122.6779644
PAST SALE,November-19-2020,Single Family Residential,3840 6th St,Bremerton,WA,98312,360000,3,2.5,West Bremerton,1546,3920,2007,329,233,,Sold,,,http://www.redfin.com/WA/Bremerton/3840-6th-St-98312/home/12099646,NWMLS,1648780,N,Y,47.5675291,-122.6657346
PAST SALE,February-5-2021,Single Family Residential,316 S Lafayette Ave,Bremerton,WA,98312,335000,4,2,Bremerton,1533,3920,1922,251,219,,Sold,,,http://www.redfin.com/WA/Bremerton/316-S-Lafayette-Ave-98312/home/2313478,NWMLS,1647746,N,Y,47.5594701,-122.6563301
PAST SALE,August-19-2021,Single Family Residential,1225 Daniels Ave,Bremerton,WA,98312,410000,3,2.5,West Hills,1514,4792,1998,56,271,,Sold,,,http://www.redfin.com/WA/Bremerton/1225-Daniels-Ave-98312/home/2403382,NWMLS,1809229,N,Y,47.5522417,-122.6755113
PAST SALE,August-27-2021,Single Family Residential,133 Broad St W,Bremerton,WA,98312,389000,3,2,West Bremerton,1512,10019,2021,48,257,,Sold,,,http://www.redfin.com/WA/Bremerton/133-Broad-St-W-98312/home/104472274,NWMLS,1816472,N,Y,47.5624284,-122.6922369
PAST SALE,June-14-2021,Single Family Residential,3311 Rodgers St,Bremerton,WA,98312,400000,4,2,Bremerton,1512,6534,1920,122,265,,Sold,,,http://www.redfin.com/WA/Bremerton/3311-Rodgers-St-98312/home/2321732,NWMLS,1767915,N,Y,47.5598729,-122.6604068
PAST SALE,April-9-2021,Single Family Residential,120 S Summit Ave,Bremerton,WA,98312,310000,2,1,Bremerton,1486,6098,1940,188,209,,Sold,,,http://www.redfin.com/WA/Bremerton/120-S-Summit-Ave-98312/home/2314299,NWMLS,1729807,N,Y,47.5629501,-122.6573808
PAST SALE,November-16-2020,Single Family Residential,1137 Dill Way,Bremerton,WA,98312,333000,3,1.5,Bremerton,1481,6534,1941,332,225,,Sold,,,http://www.redfin.com/WA/Bremerton/1137-Dill-Way-W-98312/home/2412409,NWMLS,1659916,N,Y,47.551299,-122.6697157
PAST SALE,October-22-2020,Single Family Residential,342 Ford Ave,Bremerton,WA,98312,395000,3,2.5,Bremerton,1480,4792,2018,357,267,,Sold,,,http://www.redfin.com/WA/Bremerton/342-Ford-Ave-98312/home/146785941,NWMLS,1657804,N,Y,47.56685257,-122.6569497
PAST SALE,January-15-2021,Single Family Residential,928 Price Rd,Bremerton,WA,98312,405000,0,,Kitsap Lake,1450,14375,1596,272,279,,Sold,,,http://www.redfin.com/WA/Bremerton/928-Price-Rd-NW-98312/home/2311533,NWMLS,1718332,N,Y,47.5678949,-122.6885189
PAST SALE,July-29-2021,Single Family Residential,134 S Summit Ave,Bremerton,WA,98312,400000,3,1,West Bremerton,1441,8712,1932,77,278,,Sold,,,http://www.redfin.com/WA/Bremerton/134-S-Summit-Ave-98312/home/2314307,NWMLS,1790243,N,Y,47.5624506,-122.6573341
PAST SALE,June-25-2021,Single Family Residential,1256 Humphrey Ave,Bremerton,WA,98312,437000,3,2.5,West Hills,1430,4356,2006,111,306,,Sold,,,http://www.redfin.com/WA/Bremerton/1256-Humphrey-Ave-W-98312/home/2403610,NWMLS,1769794,N,Y,47.5520326,-122.6769376
PAST SALE,October-30-2020,Single Family Residential,1318 Cottman Ave,Bremerton,WA,98312,335000,3,2,Bremerton,1428,6970,1991,349,235,,Sold,,,http://www.redfin.com/WA/Bremerton/1318-Cottman-Ave-98312/home/2403235,NWMLS,1647551,N,Y,47.5519412,-122.6741369
PAST SALE,March-18-2021,Single Family Residential,3716 W D St,Bremerton,WA,98312,368800,3,1.5,Bremerton,1428,6534,1952,210,258,,Sold,,,http://www.redfin.com/WA/Bremerton/3716-W-D-St-98312/home/2411870,NWMLS,1723901,N,Y,47.5535666,-122.6660942
PAST SALE,June-18-2021,Single Family Residential,1303 Daniels Ave,Bremerton,WA,98312,439000,4,2,West Hills,1421,5663,1994,118,309,,Sold,,,http://www.redfin.com/WA/Bremerton/1303-Daniels-Ln-98312/home/2403353,NWMLS,1772811,N,Y,47.5518469,-122.6755059
PAST SALE,September-8-2021,Single Family Residential,323 Bertha Ave,Bremerton,WA,98312,406000,3,2,West Bremerton,1420,6098,1940,36,286,,Sold,,,http://www.redfin.com/WA/Bremerton/323-Bertha-Ave-98312/home/2217150,NWMLS,1819069,N,Y,47.5663611,-122.6654983
PAST SALE,July-23-2021,Single Family Residential,3744 W F St,Bremerton,WA,98312,408500,4,2,West Bremerton,1392,6534,1939,83,293,,Sold,,,http://www.redfin.com/WA/Bremerton/3744-W-F-St-98312/home/2411549,NWMLS,1786841,N,Y,47.5550703,-122.667527
PAST SALE,January-21-2021,Single Family Residential,4135 W I St,Bremerton,WA,98312,305500,2,1,Bremerton,1364,9148,1941,266,224,,Sold,,,http://www.redfin.com/WA/Bremerton/4135-W-I-St-98312/home/2396987,NWMLS,1697005,N,Y,47.5564829,-122.6698491
PAST SALE,May-5-2021,Single Family Residential,4141 W Arsenal Way,Bremerton,WA,98312,320000,2,1,Navy Yard City,1359,5663,1905,162,235,,Sold,,,http://www.redfin.com/WA/Bremerton/4141-Arsenal-Way-98312/home/2396502,NWMLS,1740705,N,Y,47.5599051,-122.6700071
PAST SALE,July-6-2021,Single Family Residential,264 Tracy Way,Bremerton,WA,98312,400000,3,2.5,Charleston,1359,2006,2006,100,294,,Sold,,,http://www.redfin.com/WA/Bremerton/264-Tracy-Way-98312/home/2535296,NWMLS,1769604,N,Y,47.5602905,-122.657386
PAST SALE,September-9-2021,Single Family Residential,737 Eden Rd W,Bremerton,WA,98312,310000,2,1.5,West Bremerton,1350,10890,1975,35,230,,Sold,,,http://www.redfin.com/WA/Bremerton/737-Eden-Rd-W-98312/home/2239194,NWMLS,1815696,N,Y,47.5568503,-122.687084
PAST SALE,July-1-2021,Single Family Residential,212 S Lafayette Ave,Bremerton,WA,98312,409000,4,2,Charleston,1336,12197,1912,105,306,,Sold,,,http://www.redfin.com/WA/Bremerton/212-S-Lafayette-Ave-98312/home/2313270,NWMLS,1784588,N,Y,47.5614108,-122.6562939
PAST SALE,October-13-2021,Single Family Residential,5004 Roosevelt Blvd,Bremerton,WA,98312,355000,3,1,West Bremerton,1328,5227,1948,1,267,,Sold,,,http://www.redfin.com/WA/Bremerton/5004-Roosevelt-Blvd-98312/home/2403786,NWMLS,1828910,N,Y,47.5508685,-122.6778979
PAST SALE,February-2-2021,Single Family Residential,4736 Deadwood St,Bremerton,WA,98312,418900,3,2,Bremerton,1319,4250,2020,254,318,36,Sold,,,http://www.redfin.com/WA/Bremerton/4736-Deadwood-St-98312/home/173732901,NWMLS,1662312,N,Y,47.565996,-122.677677
PAST SALE,February-22-2021,Single Family Residential,4728 Deadwood St,Bremerton,WA,98312,420900,3,2,Bremerton,1319,4250,2020,234,319,36,Sold,,,http://www.redfin.com/WA/Bremerton/4728-Deadwood-St-98312/home/173732903,NWMLS,1647460,N,Y,47.565796,-122.677808
PAST SALE,June-28-2021,Single Family Residential,4757 Driftwood St,Bremerton,WA,98312,460000,3,2,Bremerton,1319,3920,2020,108,349,75,Sold,,,http://www.redfin.com/WA/Bremerton/4757-Driftwood-St-98312/home/172731076,NWMLS,1772452,N,Y,47.56642,-122.678588
PAST SALE,December-15-2020,Single Family Residential,4793 Driftwood St,Bremerton,WA,98312,414900,3,2,Bremerton,1319,3705,2020,303,315,36,Sold,,,http://www.redfin.com/WA/Bremerton/4793-Driftwood-St-98312/home/171387687,NWMLS,1592394,N,Y,47.567043,-122.678958
PAST SALE,August-18-2021,Single Family Residential,4461 Sand Dollar St,Bremerton,WA,98312,462900,3,2,Bremerton,1319,3485,2021,57,351,36,Sold,,,http://www.redfin.com/WA/Bremerton/4461-Sand-Dollar-Dr-98312/home/173732963,NWMLS,1780118,N,Y,47.563531,-122.674784
PAST SALE,August-19-2021,Single Family Residential,4477 Sand Dollar St,Bremerton,WA,98312,456900,3,2,Bremerton,1319,3485,2021,56,346,36,Sold,,,http://www.redfin.com/WA/Bremerton/4477-Sand-Dollar-Dr-98312/home/173732961,NWMLS,1777676,N,Y,47.563552,-122.675117
PAST SALE,July-20-2021,Single Family Residential,178 Russell Rd,Bremerton,WA,98312,452900,3,2,Bremerton,1319,3485,2021,86,343,36,Sold,,,http://www.redfin.com/WA/Bremerton/178-Russell-Rd-98312/home/173732970,NWMLS,1776010,N,Y,47.563409,-122.676103
PAST SALE,June-21-2021,Single Family Residential,206 Russell Rd,Bremerton,WA,98312,442900,3,2,Bremerton,1319,3485,2021,115,336,36,Sold,,,http://www.redfin.com/WA/Bremerton/206-Russell-Rd-98312/home/173701811,NWMLS,1773679,N,Y,47.563177,-122.675179
PAST SALE,August-4-2021,Single Family Residential,4429 Sand Dollar St,Bremerton,WA,98312,452900,3,2,Bremerton,1319,3485,2021,71,343,36,Sold,,,http://www.redfin.com/WA/Bremerton/4429-Sand-Dollar-Dr-98312/home/173732967,NWMLS,1776016,N,Y,47.563524,-122.674122
PAST SALE,December-18-2020,Single Family Residential,4792 Deadwood St,Bremerton,WA,98312,415900,3,2,Bremerton,1319,3400,2020,300,315,36,Sold,,,http://www.redfin.com/WA/Bremerton/4792-Deadwood-St-98312/home/173732887,NWMLS,1678541,N,Y,47.567511,-122.678138
PAST SALE,February-4-2021,Single Family Residential,4784 Deadwood St,Bremerton,WA,98312,418900,3,2,Bremerton,1319,3400,2020,252,318,36,Sold,,,http://www.redfin.com/WA/Bremerton/4784-Deadwood-St-98312/home/173732889,NWMLS,1673873,N,Y,47.567354,-122.677911
PAST SALE,January-15-2021,Single Family Residential,4744 Deadwood St,Bremerton,WA,98312,417900,3,2,Bremerton,1319,3400,2020,272,317,36,Sold,,,http://www.redfin.com/WA/Bremerton/4744-Deadwood-St-98312/home/173732899,NWMLS,1689553,N,Y,47.566196,-122.677546
PAST SALE,May-5-2021,Single Family Residential,123 Bremerton Blvd W,Bremerton,WA,98312,262000,2,1.5,West Bremerton,1316,21780,1942,162,199,,Sold,,,http://www.redfin.com/WA/Bremerton/123-Bremerton-Blvd-98312/home/2396230,NWMLS,1747479,N,Y,47.5626816,-122.6707352
PAST SALE,August-3-2021,Single Family Residential,1195 Humphrey Ave W,Bremerton,WA,98312,350000,3,1,West Bremerton,1288,7405,1968,72,272,,Sold,,,http://www.redfin.com/WA/Bremerton/1195-Humphrey-Ave-W-98312/home/2403834,NWMLS,1776984,N,Y,47.5536288,-122.6775772
PAST SALE,September-17-2021,Single Family Residential,4454 Sand Dollar St,Bremerton,WA,98312,469900,3,2,Bremerton,1273,4356,2021,27,369,36,Sold,,,http://www.redfin.com/WA/Bremerton/4454-Sand-Dollar-Dr-98312/home/173732945,NWMLS,1774655,N,Y,47.56393,-122.674646
PAST SALE,March-15-2021,Single Family Residential,4760 Deadwood St,Bremerton,WA,98312,421900,3,2,Bremerton,1273,3952,2020,213,331,36,Sold,,,http://www.redfin.com/WA/Bremerton/4760-Deadwood-St-98312/home/173732895,NWMLS,1733185,N,Y,47.566689,-122.677397
PAST SALE,February-25-2021,Single Family Residential,4768 Deadwood St,Bremerton,WA,98312,416900,3,2,Bremerton,1273,3867,2020,231,327,36,Sold,,,http://www.redfin.com/WA/Bremerton/4768-Deadwood-St-98312/home/173732893,NWMLS,1681745,N,Y,47.566969,-122.677493
PAST SALE,August-27-2021,Single Family Residential,4785 Driftwood St,Bremerton,WA,98312,461250,3,2,Bremerton,1273,3710,2020,48,362,36,Sold,,,http://www.redfin.com/WA/Bremerton/4785-Driftwood-St-98312/home/171387663,NWMLS,1802568,N,Y,47.5668973,-122.6787444
PAST SALE,November-30-2020,Single Family Residential,4762 Driftwood St,Bremerton,WA,98312,402900,3,2,Bremerton,1273,3400,2020,318,316,36,Sold,,,http://www.redfin.com/WA/Bremerton/4762-Driftwood-St-98312/home/171398909,NWMLS,1592892,N,Y,47.566349,-122.677986
PAST SALE,November-23-2020,Single Family Residential,4794 Driftwood St,Bremerton,WA,98312,402900,3,2,Bremerton,1273,3400,2020,325,316,36,Sold,,,http://www.redfin.com/WA/Bremerton/4794-Driftwood-St-98312/home/171398864,NWMLS,1592890,N,Y,47.567293,-122.678512
PAST SALE,July-12-2021,Single Family Residential,3741 W F St,Bremerton,WA,98312,389000,3,2.5,Navy Yard City,1272,6534,1921,94,306,,Sold,,,http://www.redfin.com/WA/Bremerton/3741-W-F-St-98312/home/2132243,NWMLS,1764265,N,Y,47.5547412,-122.6673829
PAST SALE,July-16-2021,Single Family Residential,408 S Constitution Ave,Bremerton,WA,98312,376000,3,2,Bremerton,1270,5227,2007,90,296,,Sold,,,http://www.redfin.com/WA/Bremerton/408-Constitution-Ave-S-98312/home/8190898,NWMLS,1787776,N,Y,47.5585502,-122.6616293
PAST SALE,March-25-2021,Single Family Residential,5606 Harlow Dr,Bremerton,WA,98312,430000,3,2,West Bremerton,1250,26136,2020,203,344,,Sold,,,http://www.redfin.com/WA/Bremerton/5606-Harlow-Dr-98312/home/2221512,NWMLS,1733018,N,Y,47.5645464,-122.6897041
PAST SALE,September-15-2021,Single Family Residential,430 Skylark Dr W,Bremerton,WA,98312,405000,2,1,West Hills,1232,12197,1942,29,329,,Sold,,,http://www.redfin.com/WA/Bremerton/430-Skylark-Dr-W-98312/home/2416986,NWMLS,1773738,N,Y,47.5587008,-122.688976
PAST SALE,July-30-2021,Single Family Residential,1213 Evans Ave W,Bremerton,WA,98312,360000,3,2,Navy Yard City,1188,6534,1983,76,303,,Sold,,,http://www.redfin.com/WA/Bremerton/1213-Evans-Ave-W-98312/home/2412311,NWMLS,1797028,N,Y,47.5504289,-122.6692083
PAST SALE,December-8-2020,Single Family Residential,445 Sunnyhill Rd W,Bremerton,WA,98312,230000,3,1,Bremerton,1176,23958,1953,310,196,,Sold,,,http://www.redfin.com/WA/Bremerton/445-Sunnyhill-Rd-W-98312/home/2416980,NWMLS,1696841,N,Y,47.5584309,-122.6883111
PAST SALE,October-16-2020,Single Family Residential,134 Broad St W,Bremerton,WA,98312,274500,2,1,Bremerton,1136,11326,1942,363,242,,Sold,,,http://www.redfin.com/WA/Bremerton/134-Broad-St-W-98312/home/2397740,NWMLS,1649099,N,Y,47.5623895,-122.6916227
PAST SALE,September-21-2021,Single Family Residential,1460 Cottman Ave,Bremerton,WA,98312,325000,3,1.5,West Hills,1133,5227,2001,23,287,,Sold,,,http://www.redfin.com/WA/Bremerton/1460-Cottman-Ave-98312/home/2403191,NWMLS,1828521,N,Y,47.5507703,-122.674045
PAST SALE,February-24-2021,Single Family Residential,409 Bremerton Blvd W,Bremerton,WA,98312,310000,3,1,Bremerton,1120,6098,1921,232,277,,Sold,,,http://www.redfin.com/WA/Bremerton/409-Bremerton-Blvd-98312/home/2396619,NWMLS,1717380,N,Y,47.5590226,-122.6707901
PAST SALE,December-14-2020,Single Family Residential,4121 W Loxie Eagans Blvd,Bremerton,WA,98312,245000,2,1,Navy Yard City,1112,3049,1939,304,220,,Sold,,,http://www.redfin.com/WA/Bremerton/4121-W-Loxie-Eagans-Blvd-98312/home/2131794,NWMLS,1658952,N,Y,47.5578159,-122.6690312
PAST SALE,August-4-2021,Single Family Residential,425 S Summit Ave,Bremerton,WA,98312,335000,2,1,Bremerton,1095,4356,1916,71,306,,Sold,,,http://www.redfin.com/WA/Bremerton/425-S-Summit-Ave-98312/home/2321593,NWMLS,1792671,N,Y,47.5579416,-122.6574925
PAST SALE,July-16-2021,Single Family Residential,3311 New Hope Cir,Bremerton,WA,98312,355000,3,2,West Bremerton,1090,2178,2007,90,326,75,Sold,,,http://www.redfin.com/WA/Bremerton/3311-New-Hope-Cir-98312/home/12487534,NWMLS,1788834,N,Y,47.5611324,-122.6605355
PAST SALE,November-4-2020,Single Family Residential,3629 Preble St,Bremerton,WA,98312,320000,2,2,Bremerton,1083,5663,2017,344,295,,Sold,,,http://www.redfin.com/WA/Bremerton/3629-Preble-St-98312/home/85029237,NWMLS,1663312,N,Y,47.556119,-122.664159
PAST SALE,March-1-2021,Single Family Residential,425 Sunnyhill Rd W,Bremerton,WA,98312,293000,2,2,West Bremerton,1080,6534,1940,227,271,,Sold,,,http://www.redfin.com/WA/Bremerton/425-Sunnyhill-Rd-W-98312/home/2416967,NWMLS,1690005,N,Y,47.5590991,-122.6885012
PAST SALE,April-14-2021,Single Family Residential,3730 W E St,Bremerton,WA,98312,332000,3,1,Navy Yard City,1064,6534,1938,183,312,,Sold,,,http://www.redfin.com/WA/Bremerton/3730-W-E-St-98312/home/2411795,NWMLS,1732020,N,Y,47.5543632,-122.6668216
PAST SALE,June-28-2021,Single Family Residential,327 S Summit Ave,Bremerton,WA,98312,220000,2,1,West Bremerton,1036,5663,1902,108,212,,Sold,,,http://www.redfin.com/WA/Bremerton/327-S-Summit-Ave-98312/home/2321607,NWMLS,1786783,N,Y,47.5591903,-122.6574417
PAST SALE,October-4-2021,Single Family Residential,242 Hartford,Bremerton,WA,98312,355000,0,,Navy Yard City,1030,6970,1939,10,345,,Sold,,,http://www.redfin.com/WA/Bremerton/242-S-Hartford-Ave-98312/home/2314576,NWMLS,1849016,N,Y,47.560625,-122.6584872
PAST SALE,August-31-2021,Single Family Residential,4141 W F St,Bremerton,WA,98312,172000,0,,Bremerton,995,12766,1980,44,173,,Sold,,,http://www.redfin.com/WA/Bremerton/4141-W-F-St-98312/home/2397108,NWMLS,1833210,N,Y,47.5545054,-122.6701349
PAST SALE,December-2-2020,Single Family Residential,145 S Summit Ave,Bremerton,WA,98312,250000,2,1,Navy Yard City,990,3920,1926,316,253,,Sold,,,http://www.redfin.com/WA/Bremerton/145-S-Summit-Ave-98312/home/2314379,NWMLS,1680858,N,Y,47.5621875,-122.6578899
PAST SALE,May-10-2021,Single Family Residential,547 S National Ave,Bremerton,WA,98312,395000,2,2,Bremerton,972,6098,1935,157,406,,Sold,,,http://www.redfin.com/WA/Bremerton/547-S-National-Ave-98312/home/2396944,NWMLS,1755897,N,Y,47.5563983,-122.6681004
PAST SALE,July-29-2021,Single Family Residential,228 Bremerton Blvd,Bremerton,WA,98312,315000,2,1,Navy Yard City,969,8276,1945,77,325,,Sold,,,http://www.redfin.com/WA/Bremerton/228-Bremerton-Blvd-98312/home/2396329,NWMLS,1770160,N,Y,47.5611437,-122.6700552
PAST SALE,December-10-2020,Single Family Residential,179 Lilac Ln,Bremerton,WA,98312,99000,2,1,West Bremerton,960,7841,1969,308,103,,Sold,,,http://www.redfin.com/WA/Bremerton/179-Lilac-Ln-98312/home/2221554,NWMLS,1690854,N,Y,47.5667575,-122.6868108
PAST SALE,September-8-2021,Single Family Residential,4141 W G St,Bremerton,WA,98312,205000,3,1,Navy Yard City,960,5227,1940,36,214,,Sold,,,http://www.redfin.com/WA/Bremerton/4141-W-G-St-98312/home/2397055,NWMLS,1799056,N,Y,47.5552242,-122.6701661
PAST SALE,November-13-2020,Single Family Residential,621 N Charleston Ave,Bremerton,WA,98312,307000,3,1,West Bremerton,954,9148,1951,335,322,,Sold,,,http://www.redfin.com/WA/Bremerton/621-N-Charleston-Ave-98312/home/2308919,NWMLS,1674668,N,Y,47.5681154,-122.6606751
PAST SALE,May-3-2021,Single Family Residential,1549 Charleston Beach Rd W,Bremerton,WA,98312,260000,3,1.5,Navy Yard City,948,7405,1938,164,274,,Sold,,,http://www.redfin.com/WA/Bremerton/1549-Charleston-Beach-Rd-W-98312/home/2412736,NWMLS,1740989,N,Y,47.5505954,-122.6659018
PAST SALE,August-20-2021,Single Family Residential,3118 Preble St,Bremerton,WA,98312,200000,3,1,Bremerton,944,5663,1902,55,212,,Sold,,,http://www.redfin.com/WA/Bremerton/3118-Preble-St-98312/home/2321213,NWMLS,1804558,N,Y,47.556629,-122.658281
PAST SALE,August-25-2021,Single Family Residential,3354 New Hope Cir,Bremerton,WA,98312,310000,2,1,Bremerton,934,2178,2008,50,332,75,Sold,,,http://www.redfin.com/WA/Bremerton/3354-New-Hope-Cir-98312/home/17460304,NWMLS,1812714,N,Y,47.5615651,-122.6612904
PAST SALE,July-9-2021,Single Family Residential,631 Bertha Ave,Bremerton,WA,98312,335000,2,1,West Bremerton,928,6098,1949,97,361,,Sold,,,http://www.redfin.com/WA/Bremerton/631-Bertha-Ave-98312/home/2319815,NWMLS,1783005,N,Y,47.5684099,-122.6643527
PAST SALE,July-26-2021,Single Family Residential,1223 OYSTER BAY Ave S,Bremerton,WA,98312,339000,2,1,West Hills,876,5227,1941,80,387,,Sold,,,http://www.redfin.com/WA/Bremerton/1223-Oyster-Bay-Ave-S-98312/home/2403204,NWMLS,1785461,N,Y,47.5526566,-122.6736421
PAST SALE,December-23-2020,Single Family Residential,515 S National Ave,Bremerton,WA,98312,305000,3,1,Bremerton,872,4356,1943,295,350,,Sold,,,http://www.redfin.com/WA/Bremerton/515-S-National-Ave-98312/home/2396824,NWMLS,1687735,N,Y,47.5574782,-122.6680748
PAST SALE,October-12-2021,Single Family Residential,1004 Charolotte Ave W,Bremerton,WA,98312,325000,2,1,Charleston,864,6098,1952,2,376,,Sold,,,http://www.redfin.com/WA/BREMERTON/1004-CHARLOTTE-AVE-W-98312/home/2411999,NWMLS,1831396,N,Y,47.553203,-122.664865
PAST SALE,August-2-2021,Single Family Residential,4133 W J St,Bremerton,WA,98312,195000,2,2,Navy Yard City,864,4656,1941,73,226,,Sold,,,http://www.redfin.com/WA/Bremerton/4133-J-St-98312/home/2396901,NWMLS,1796907,N,Y,47.5571646,-122.6694598
PAST SALE,September-27-2021,Single Family Residential,4205 W Arsenal Way,Bremerton,WA,98312,335000,2,1,Bremerton,848,4792,1935,17,395,,Sold,,,http://www.redfin.com/WA/Bremerton/4205-Arsenal-Way-98312/home/161608590,NWMLS,1814921,N,Y,47.5600048,-122.6709366
PAST SALE,February-17-2021,Single Family Residential,337 N Marion Ave,Bremerton,WA,98312,280000,2,1,West Bremerton,846,10454,1932,239,331,,Sold,,,http://www.redfin.com/WA/Bremerton/337-Marion-Ave-N-98312/home/2217012,NWMLS,1784850,N,Y,47.566796,-122.6627597
PAST SALE,January-30-2021,Single Family Residential,3735 McCall Blvd W,Bremerton,WA,98312,335000,2,2,Navy Yard City,840,4356,1932,257,399,,Sold,,,http://www.redfin.com/WA/Bremerton/3735-McCall-Blvd-W-98312/home/2412791,NWMLS,1691871,N,Y,47.550297,-122.6674736
PAST SALE,April-1-2021,Single Family Residential,209 S Constitution Ave,Bremerton,WA,98312,316000,2,1,Bremerton,836,5227,1955,196,378,,Sold,,,http://www.redfin.com/WA/Bremerton/209-Constitution-Ave-S-98312/home/2244243,NWMLS,1734121,N,Y,47.5604875,-122.6622414
PAST SALE,November-12-2020,Single Family Residential,1111 Evans Ave W,Bremerton,WA,98312,305000,2,1,Navy Yard City,824,6098,1941,336,370,,Sold,,,http://www.redfin.com/WA/Bremerton/1111-Evans-Ave-W-98312/home/2412363,NWMLS,1661787,N,Y,47.5522275,-122.669214
PAST SALE,January-12-2021,Single Family Residential,902 W Charlotte Ave,Bremerton,WA,98312,278500,2,1,Navy Yard City,819,9148,1951,275,340,,Sold,,,http://www.redfin.com/WA/Bremerton/902-Charlotte-Ave-W-98312/home/2411929,NWMLS,1677512,N,Y,47.553936,-122.664806
PAST SALE,June-25-2021,Single Family Residential,506 S Hartford Ave,Bremerton,WA,98312,200000,3,0.5,Bremerton,816,5227,1920,111,245,,Sold,,,http://www.redfin.com/WA/Bremerton/506-S-Hartford-Ave-98312/home/2321274,NWMLS,1776293,N,Y,47.5573512,-122.6581672
PAST SALE,October-13-2021,Single Family Residential,219 Ida St W,Bremerton,WA,98312,315000,2,1,Bremerton,800,13504,1941,1,394,,Sold,,,http://www.redfin.com/WA/Bremerton/219-Ida-St-W-98312/home/2397792,NWMLS,1837320,N,Y,47.5609653,-122.6909805
PAST SALE,July-19-2021,Single Family Residential,5131 W Werner Rd,Bremerton,WA,98312,400000,2,1,West Hills,798,9583,1942,87,501,,Sold,,,http://www.redfin.com/WA/Bremerton/5131-Werner-Rd-98312/home/2238817,NWMLS,1785207,N,Y,47.5576211,-122.6829622
PAST SALE,December-31-2020,Single Family Residential,3628 W E St,Bremerton,WA,98312,283000,2,1,Navy Yard City,798,6534,1942,287,355,,Sold,,,http://www.redfin.com/WA/Bremerton/3628-W-E-St-98312/home/2411731,NWMLS,1693370,N,Y,47.554285,-122.6641128
PAST SALE,July-20-2021,Single Family Residential,741 S Charleston Ave,Bremerton,WA,98312,295000,2,1,Navy Yard City,793,4356,1943,86,372,,Sold,,,http://www.redfin.com/WA/Bremerton/741-S-Charleston-Ave-98312/home/2244697,NWMLS,1812427,N,Y,47.555025,-122.6610228
PAST SALE,December-18-2020,Single Family Residential,1102 Poindexter Ave,Bremerton,WA,98312,296650,2,1,Bremerton,792,6534,1944,300,375,,Sold,,,http://www.redfin.com/WA/Bremerton/1102-Poindexter-Ave-W-98312/home/2403839,NWMLS,1689887,N,Y,47.5541417,-122.6778839
PAST SALE,June-30-2021,Single Family Residential,833 S Summit Ave,Bremerton,WA,98312,327500,2,1,West Bremerton,786,5227,1943,106,417,,Sold,,,http://www.redfin.com/WA/Bremerton/833-S-Summit-Ave-98312/home/2244685,NWMLS,1785070,N,Y,47.5547958,-122.6611086
PAST SALE,February-11-2021,Single Family Residential,738 Eden Rd W,Bremerton,WA,98312,324100,2,1,Bremerton,768,7405,1942,245,422,,Sold,,,http://www.redfin.com/WA/Bremerton/738-Eden-Rd-W-98312/home/2239120,NWMLS,1714869,N,Y,47.556913,-122.6863771
PAST SALE,August-31-2021,Single Family Residential,3706 McCall Blvd W,Bremerton,WA,98312,302500,2,1,Bremerton,756,5663,1942,44,400,,Sold,,,http://www.redfin.com/WA/Bremerton/3706-McCall-Blvd-W-98312/home/2412658,NWMLS,1812397,N,Y,47.551096,-122.666466
PAST SALE,September-10-2021,Single Family Residential,76 Broad St W,Bremerton,WA,98312,350000,2,1,Kitsap Lake,736,5663,1942,34,476,,Sold,,,http://www.redfin.com/WA/Bremerton/76-Broad-St-W-98312/home/2221476,NWMLS,1814924,N,Y,47.5642039,-122.6915906
PAST SALE,September-30-2021,Single Family Residential,902 S Marion Ave,Bremerton,WA,98312,320000,2,1,Navy Yard City,720,3920,1944,14,444,,Sold,,,http://www.redfin.com/WA/Bremerton/902-Marion-Ave-W-98312/home/2244885,NWMLS,1807052,N,Y,47.554045,-122.6623135
PAST SALE,October-5-2021,Single Family Residential,807 Merrill Pl W,Bremerton,WA,98312,355000,2,1,Navy Yard City,702,6534,1942,9,506,,Sold,,,http://www.redfin.com/WA/Bremerton/807-Merrill-Pl-W-98312/home/2244838,NWMLS,1829415,N,Y,47.5546777,-122.6618424
PAST SALE,October-12-2021,Single Family Residential,402 S Constitution Ave,Bremerton,WA,98312,330000,2,1,West Hills,676,3485,1940,2,488,,Sold,,,http://www.redfin.com/WA/Bremerton/402-Constitution-Ave-S-98312/home/14370064,NWMLS,1813671,N,Y,47.5586986,-122.6614663
PAST SALE,November-13-2020,Single Family Residential,106 Dora Ave,Bremerton,WA,98312,269000,1,1,West Bremerton,564,2614,1938,335,477,,Sold,,,http://www.redfin.com/WA/Bremerton/106-Dora-Ave-98312/home/2216898,NWMLS,1674037,N,Y,47.563832,-122.666221
PAST SALE,March-3-2021,Single Family Residential,245 S Hartford Ave,Bremerton,WA,98312,165000,1,1,West Bremerton,504,3049,1941,225,327,,Sold,,,http://www.redfin.com/WA/Bremerton/245-S-Hartford-Ave-98312/home/2314607,NWMLS,1719699,N,Y,47.5603669,-122.6589933
PAST SALE,October-15-2020,Single Family Residential,1208 Webster St W,Bremerton,WA,98312,218000,1,1,Navy Yard City,496,3049,1940,364,440,,Sold,,,http://www.redfin.com/WA/Bremerton/1208-Webster-St-W-98312/home/2412579,NWMLS,1643959,N,Y,47.5516262,-122.6656268
PAST SALE,July-22-2021,Single Family Residential,1209 Poindexter Ave,Bremerton,WA,98312,275000,1,1,Navy Yard City,414,4356,1944,84,664,,Sold,,,http://www.redfin.com/WA/Bremerton/1209-Poindexter-Ave-W-98312/home/2403933,NWMLS,1769194,N,Y,47.5528459,-122.6784509
PAST SALE,November-25-2020,Single Family Residential,247 Sunnyhill Rd W,Bremerton,WA,98312,195000,1,1,West Hills,328,7405,1941,323,595,,Sold,,,http://www.redfin.com/WA/Bremerton/247-Sunnyhill-Rd-W-98312/home/2238987,NWMLS,1678923,N,Y,47.5604584,-122.6883452
